Area,Rule,Reference Width,Dynamic Width Formula,Straight edge(s),Slanted edge(s),Slant Angle,Slant Vertical Offset Formula,Mirror Direction,Implementation Note
C AREA,Width = L AREA Height,47,47,C4,C2,12°,9.990158398,Reference,Resize C2/C4; C2 keeps 12°; endpoints remain connected.
D AREA,Same as C AREA,47,47,D4,D2,12°,9.990158398,Mirror of C AREA in D direction,Resize D2/D4 with correct mirrored direction.
E AREA,Same as C AREA,47,47,E2,E4,12°,9.990158398,Mirror of C AREA in E direction,Resize E2/E4 with correct mirrored direction.
F AREA,Same as C AREA,47,47,F4,F2,12°,9.990158398,Mirror of C AREA in F direction,Resize F2/F4 with correct mirrored direction.
,,,,,,,,,
,,,,,,,,,
H-linked added lines,"H2, H3, J2, J3",,,,,,,,
Rule,"These are mirror/counterpart H lines and must resize with Delta_H, not remain fixed.",,,,,,,,
Reference length,49mm,,,,,,,,
Dynamic length formula,49,,,,,,,,
Equivalent formula,49,,,,,,,,
Connection requirement,Their endpoints must remain connected to the same neighboring lines as in MAP/TEMPLATE.,,,,,,,,
Do not change,A6 correction is already successful; do not modify A6 again.,,,,,,,,
,,,,,,,,,
,,,,,,,,,
,,,,,,,,,
,,,,,,,,,
,,,,,,,,,
,,,,,,,,,
,,,,,,,,,
,,,,,,,,,
,,,,,,,,,
,,,,,,,,,
,,,,,,,,,
,,,,,,,,,
,,,,,,,,,
,,,,,,,,,
,,,,,,,,,
,,,,,,,,,
,,,,,,,,,
,,,,,,,,,
,,,,,,,,,
,,,,,,,,,
,,,,,,,,,
,,,,,,,,,
,,,,,,,,,
,,,,,,,,,
,,,,,,,,,
,,,,,,,,,
,,,,,,,,,
,,,,,,,,,
,,,,,,,,,
,,,,,,,,,
,,,,,,,,,
,,,,,,,,,
,,,,,,,,,
,,,,,,,,,
,,,,,,,,,
,,,,,,,,,
,,,,,,,,,
,,,,,,,,,
,,,,,,,,,
,,,,,,,,,
,,,,,,,,,
,,,,,,,,,
,,,,,,,,,
,,,,,,,,,
,,,,,,,,,
,,,,,,,,,
,,,,,,,,,
,,,,,,,,,
,,,,,,,,,
,,,,,,,,,
,,,,,,,,,
,,,,,,,,,
,,,,,,,,,
,,,,,,,,,
,,,,,,,,,
,,,,,,,,,
,,,,,,,,,
,,,,,,,,,
,,,,,,,,,
,,,,,,,,,
,,,,,,,,,
,,,,,,,,,
,,,,,,,,,
,,,,,,,,,
,,,,,,,,,
,,,,,,,,,