Line_ID,Layer,X1,Y1,X2,Y2,Stroke,SVG_Line_Tag,Build Note
A1,CUT,74.85,22.35,74.85,20.35,#ED1C24,"=""<line id=""&CHAR(34)&A2&CHAR(34)&"" x1=""&CHAR(34)&TEXT(C2,""0.00"")&""mm""&CHAR(34)&"" y1=""&CHAR(34)&TEXT(D2,""0.00"")&""mm""&CHAR(34)&"" x2=""&CHAR(34)&TEXT(E2,""0.00"")&""mm""&CHAR(34)&"" y2=""&CHAR(34)&TEXT(F2,""0.00"")&""mm""&CHAR(34)&"" stroke=""&CHAR(34)&G2&CHAR(34)&"" fill=""&CHAR(34)&""none""&CHAR(34)&"" />""",Use dynamic values from Dynamic_Lines; all units are mm
A2,CUT,74.85,20.35,66.35,20.35,#ED1C24,"=""<line id=""&CHAR(34)&A3&CHAR(34)&"" x1=""&CHAR(34)&TEXT(C3,""0.00"")&""mm""&CHAR(34)&"" y1=""&CHAR(34)&TEXT(D3,""0.00"")&""mm""&CHAR(34)&"" x2=""&CHAR(34)&TEXT(E3,""0.00"")&""mm""&CHAR(34)&"" y2=""&CHAR(34)&TEXT(F3,""0.00"")&""mm""&CHAR(34)&"" stroke=""&CHAR(34)&G3&CHAR(34)&"" fill=""&CHAR(34)&""none""&CHAR(34)&"" />""",Use dynamic values from Dynamic_Lines; all units are mm
B1,CUT,66.35,20.35,65.85,20.35,#ED1C24,"=""<line id=""&CHAR(34)&A4&CHAR(34)&"" x1=""&CHAR(34)&TEXT(C4,""0.00"")&""mm""&CHAR(34)&"" y1=""&CHAR(34)&TEXT(D4,""0.00"")&""mm""&CHAR(34)&"" x2=""&CHAR(34)&TEXT(E4,""0.00"")&""mm""&CHAR(34)&"" y2=""&CHAR(34)&TEXT(F4,""0.00"")&""mm""&CHAR(34)&"" stroke=""&CHAR(34)&G4&CHAR(34)&"" fill=""&CHAR(34)&""none""&CHAR(34)&"" />""",Use dynamic values from Dynamic_Lines; all units are mm
B2,CUT,65.85,20.35,65.85,210.35,#ED1C24,"=""<line id=""&CHAR(34)&A5&CHAR(34)&"" x1=""&CHAR(34)&TEXT(C5,""0.00"")&""mm""&CHAR(34)&"" y1=""&CHAR(34)&TEXT(D5,""0.00"")&""mm""&CHAR(34)&"" x2=""&CHAR(34)&TEXT(E5,""0.00"")&""mm""&CHAR(34)&"" y2=""&CHAR(34)&TEXT(F5,""0.00"")&""mm""&CHAR(34)&"" stroke=""&CHAR(34)&G5&CHAR(34)&"" fill=""&CHAR(34)&""none""&CHAR(34)&"" />""",Use dynamic values from Dynamic_Lines; all units are mm
B3,CUT,315.35,20.35,315.85,20.35,#ED1C24,"=""<line id=""&CHAR(34)&A6&CHAR(34)&"" x1=""&CHAR(34)&TEXT(C6,""0.00"")&""mm""&CHAR(34)&"" y1=""&CHAR(34)&TEXT(D6,""0.00"")&""mm""&CHAR(34)&"" x2=""&CHAR(34)&TEXT(E6,""0.00"")&""mm""&CHAR(34)&"" y2=""&CHAR(34)&TEXT(F6,""0.00"")&""mm""&CHAR(34)&"" stroke=""&CHAR(34)&G6&CHAR(34)&"" fill=""&CHAR(34)&""none""&CHAR(34)&"" />""",Use dynamic values from Dynamic_Lines; all units are mm
B4,CUT,315.85,20.35,315.85,210.35,#ED1C24,"=""<line id=""&CHAR(34)&A7&CHAR(34)&"" x1=""&CHAR(34)&TEXT(C7,""0.00"")&""mm""&CHAR(34)&"" y1=""&CHAR(34)&TEXT(D7,""0.00"")&""mm""&CHAR(34)&"" x2=""&CHAR(34)&TEXT(E7,""0.00"")&""mm""&CHAR(34)&"" y2=""&CHAR(34)&TEXT(F7,""0.00"")&""mm""&CHAR(34)&"" stroke=""&CHAR(34)&G7&CHAR(34)&"" fill=""&CHAR(34)&""none""&CHAR(34)&"" />""",Use dynamic values from Dynamic_Lines; all units are mm
A7,CUT,315.35,12.35,315.35,20.35,#ED1C24,"=""<line id=""&CHAR(34)&A8&CHAR(34)&"" x1=""&CHAR(34)&TEXT(C8,""0.00"")&""mm""&CHAR(34)&"" y1=""&CHAR(34)&TEXT(D8,""0.00"")&""mm""&CHAR(34)&"" x2=""&CHAR(34)&TEXT(E8,""0.00"")&""mm""&CHAR(34)&"" y2=""&CHAR(34)&TEXT(F8,""0.00"")&""mm""&CHAR(34)&"" stroke=""&CHAR(34)&G8&CHAR(34)&"" fill=""&CHAR(34)&""none""&CHAR(34)&"" />""",Use dynamic values from Dynamic_Lines; all units are mm
A8,CUT,306.85,20.35,315.35,20.35,#ED1C24,"=""<line id=""&CHAR(34)&A9&CHAR(34)&"" x1=""&CHAR(34)&TEXT(C9,""0.00"")&""mm""&CHAR(34)&"" y1=""&CHAR(34)&TEXT(D9,""0.00"")&""mm""&CHAR(34)&"" x2=""&CHAR(34)&TEXT(E9,""0.00"")&""mm""&CHAR(34)&"" y2=""&CHAR(34)&TEXT(F9,""0.00"")&""mm""&CHAR(34)&"" stroke=""&CHAR(34)&G9&CHAR(34)&"" fill=""&CHAR(34)&""none""&CHAR(34)&"" />""",Use dynamic values from Dynamic_Lines; all units are mm
A9,CUT,306.85,22.35,306.85,20.35,#ED1C24,"=""<line id=""&CHAR(34)&A10&CHAR(34)&"" x1=""&CHAR(34)&TEXT(C10,""0.00"")&""mm""&CHAR(34)&"" y1=""&CHAR(34)&TEXT(D10,""0.00"")&""mm""&CHAR(34)&"" x2=""&CHAR(34)&TEXT(E10,""0.00"")&""mm""&CHAR(34)&"" y2=""&CHAR(34)&TEXT(F10,""0.00"")&""mm""&CHAR(34)&"" stroke=""&CHAR(34)&G10&CHAR(34)&"" fill=""&CHAR(34)&""none""&CHAR(34)&"" />""",Use dynamic values from Dynamic_Lines; all units are mm
A5,CUT,78.35,0.35,303.35,0.35,#ED1C24,"=""<line id=""&CHAR(34)&A11&CHAR(34)&"" x1=""&CHAR(34)&TEXT(C11,""0.00"")&""mm""&CHAR(34)&"" y1=""&CHAR(34)&TEXT(D11,""0.00"")&""mm""&CHAR(34)&"" x2=""&CHAR(34)&TEXT(E11,""0.00"")&""mm""&CHAR(34)&"" y2=""&CHAR(34)&TEXT(F11,""0.00"")&""mm""&CHAR(34)&"" stroke=""&CHAR(34)&G11&CHAR(34)&"" fill=""&CHAR(34)&""none""&CHAR(34)&"" />""",Use dynamic values from Dynamic_Lines; all units are mm
C5,CUT,65.85,210.35,62.85,213.35,#ED1C24,"=""<line id=""&CHAR(34)&A12&CHAR(34)&"" x1=""&CHAR(34)&TEXT(C12,""0.00"")&""mm""&CHAR(34)&"" y1=""&CHAR(34)&TEXT(D12,""0.00"")&""mm""&CHAR(34)&"" x2=""&CHAR(34)&TEXT(E12,""0.00"")&""mm""&CHAR(34)&"" y2=""&CHAR(34)&TEXT(F12,""0.00"")&""mm""&CHAR(34)&"" stroke=""&CHAR(34)&G12&CHAR(34)&"" fill=""&CHAR(34)&""none""&CHAR(34)&"" />""",Use dynamic values from Dynamic_Lines; all units are mm
C4,CUT,62.85,213.35,15.85,213.35,#ED1C24,"=""<line id=""&CHAR(34)&A13&CHAR(34)&"" x1=""&CHAR(34)&TEXT(C13,""0.00"")&""mm""&CHAR(34)&"" y1=""&CHAR(34)&TEXT(D13,""0.00"")&""mm""&CHAR(34)&"" x2=""&CHAR(34)&TEXT(E13,""0.00"")&""mm""&CHAR(34)&"" y2=""&CHAR(34)&TEXT(F13,""0.00"")&""mm""&CHAR(34)&"" stroke=""&CHAR(34)&G13&CHAR(34)&"" fill=""&CHAR(34)&""none""&CHAR(34)&"" />""",Use dynamic values from Dynamic_Lines; all units are mm
C3,CUT,15.85,213.35,15.85,247.35,#ED1C24,"=""<line id=""&CHAR(34)&A14&CHAR(34)&"" x1=""&CHAR(34)&TEXT(C14,""0.00"")&""mm""&CHAR(34)&"" y1=""&CHAR(34)&TEXT(D14,""0.00"")&""mm""&CHAR(34)&"" x2=""&CHAR(34)&TEXT(E14,""0.00"")&""mm""&CHAR(34)&"" y2=""&CHAR(34)&TEXT(F14,""0.00"")&""mm""&CHAR(34)&"" stroke=""&CHAR(34)&G14&CHAR(34)&"" fill=""&CHAR(34)&""none""&CHAR(34)&"" />""",Use dynamic values from Dynamic_Lines; all units are mm
C2,CUT,62.85,257.35,15.85,247.35,#ED1C24,"=""<line id=""&CHAR(34)&A15&CHAR(34)&"" x1=""&CHAR(34)&TEXT(C15,""0.00"")&""mm""&CHAR(34)&"" y1=""&CHAR(34)&TEXT(D15,""0.00"")&""mm""&CHAR(34)&"" x2=""&CHAR(34)&TEXT(E15,""0.00"")&""mm""&CHAR(34)&"" y2=""&CHAR(34)&TEXT(F15,""0.00"")&""mm""&CHAR(34)&"" stroke=""&CHAR(34)&G15&CHAR(34)&"" fill=""&CHAR(34)&""none""&CHAR(34)&"" />""",Use dynamic values from Dynamic_Lines; all units are mm
C1,CUT,65.85,260.35,62.85,257.35,#ED1C24,"=""<line id=""&CHAR(34)&A16&CHAR(34)&"" x1=""&CHAR(34)&TEXT(C16,""0.00"")&""mm""&CHAR(34)&"" y1=""&CHAR(34)&TEXT(D16,""0.00"")&""mm""&CHAR(34)&"" x2=""&CHAR(34)&TEXT(E16,""0.00"")&""mm""&CHAR(34)&"" y2=""&CHAR(34)&TEXT(F16,""0.00"")&""mm""&CHAR(34)&"" stroke=""&CHAR(34)&G16&CHAR(34)&"" fill=""&CHAR(34)&""none""&CHAR(34)&"" />""",Use dynamic values from Dynamic_Lines; all units are mm
D5,CUT,315.85,210.35,318.85,213.35,#ED1C24,"=""<line id=""&CHAR(34)&A17&CHAR(34)&"" x1=""&CHAR(34)&TEXT(C17,""0.00"")&""mm""&CHAR(34)&"" y1=""&CHAR(34)&TEXT(D17,""0.00"")&""mm""&CHAR(34)&"" x2=""&CHAR(34)&TEXT(E17,""0.00"")&""mm""&CHAR(34)&"" y2=""&CHAR(34)&TEXT(F17,""0.00"")&""mm""&CHAR(34)&"" stroke=""&CHAR(34)&G17&CHAR(34)&"" fill=""&CHAR(34)&""none""&CHAR(34)&"" />""",Use dynamic values from Dynamic_Lines; all units are mm
D4,CUT,318.85,213.35,365.85,213.35,#ED1C24,"=""<line id=""&CHAR(34)&A18&CHAR(34)&"" x1=""&CHAR(34)&TEXT(C18,""0.00"")&""mm""&CHAR(34)&"" y1=""&CHAR(34)&TEXT(D18,""0.00"")&""mm""&CHAR(34)&"" x2=""&CHAR(34)&TEXT(E18,""0.00"")&""mm""&CHAR(34)&"" y2=""&CHAR(34)&TEXT(F18,""0.00"")&""mm""&CHAR(34)&"" stroke=""&CHAR(34)&G18&CHAR(34)&"" fill=""&CHAR(34)&""none""&CHAR(34)&"" />""",Use dynamic values from Dynamic_Lines; all units are mm
D3,CUT,365.85,213.35,365.85,247.35,#ED1C24,"=""<line id=""&CHAR(34)&A19&CHAR(34)&"" x1=""&CHAR(34)&TEXT(C19,""0.00"")&""mm""&CHAR(34)&"" y1=""&CHAR(34)&TEXT(D19,""0.00"")&""mm""&CHAR(34)&"" x2=""&CHAR(34)&TEXT(E19,""0.00"")&""mm""&CHAR(34)&"" y2=""&CHAR(34)&TEXT(F19,""0.00"")&""mm""&CHAR(34)&"" stroke=""&CHAR(34)&G19&CHAR(34)&"" fill=""&CHAR(34)&""none""&CHAR(34)&"" />""",Use dynamic values from Dynamic_Lines; all units are mm
D2,CUT,318.85,257.35,365.85,247.35,#ED1C24,"=""<line id=""&CHAR(34)&A20&CHAR(34)&"" x1=""&CHAR(34)&TEXT(C20,""0.00"")&""mm""&CHAR(34)&"" y1=""&CHAR(34)&TEXT(D20,""0.00"")&""mm""&CHAR(34)&"" x2=""&CHAR(34)&TEXT(E20,""0.00"")&""mm""&CHAR(34)&"" y2=""&CHAR(34)&TEXT(F20,""0.00"")&""mm""&CHAR(34)&"" stroke=""&CHAR(34)&G20&CHAR(34)&"" fill=""&CHAR(34)&""none""&CHAR(34)&"" />""",Use dynamic values from Dynamic_Lines; all units are mm
D1,CUT,315.85,260.35,318.85,257.35,#ED1C24,"=""<line id=""&CHAR(34)&A21&CHAR(34)&"" x1=""&CHAR(34)&TEXT(C21,""0.00"")&""mm""&CHAR(34)&"" y1=""&CHAR(34)&TEXT(D21,""0.00"")&""mm""&CHAR(34)&"" x2=""&CHAR(34)&TEXT(E21,""0.00"")&""mm""&CHAR(34)&"" y2=""&CHAR(34)&TEXT(F21,""0.00"")&""mm""&CHAR(34)&"" stroke=""&CHAR(34)&G21&CHAR(34)&"" fill=""&CHAR(34)&""none""&CHAR(34)&"" />""",Use dynamic values from Dynamic_Lines; all units are mm
J4,CUT,315.85,260.35,316.85,261.35,#ED1C24,"=""<line id=""&CHAR(34)&A22&CHAR(34)&"" x1=""&CHAR(34)&TEXT(C22,""0.00"")&""mm""&CHAR(34)&"" y1=""&CHAR(34)&TEXT(D22,""0.00"")&""mm""&CHAR(34)&"" x2=""&CHAR(34)&TEXT(E22,""0.00"")&""mm""&CHAR(34)&"" y2=""&CHAR(34)&TEXT(F22,""0.00"")&""mm""&CHAR(34)&"" stroke=""&CHAR(34)&G22&CHAR(34)&"" fill=""&CHAR(34)&""none""&CHAR(34)&"" />""",Use dynamic values from Dynamic_Lines; all units are mm
J3,CUT,316.85,261.35,365.85,261.35,#ED1C24,"=""<line id=""&CHAR(34)&A23&CHAR(34)&"" x1=""&CHAR(34)&TEXT(C23,""0.00"")&""mm""&CHAR(34)&"" y1=""&CHAR(34)&TEXT(D23,""0.00"")&""mm""&CHAR(34)&"" x2=""&CHAR(34)&TEXT(E23,""0.00"")&""mm""&CHAR(34)&"" y2=""&CHAR(34)&TEXT(F23,""0.00"")&""mm""&CHAR(34)&"" stroke=""&CHAR(34)&G23&CHAR(34)&"" fill=""&CHAR(34)&""none""&CHAR(34)&"" />""",Use dynamic values from Dynamic_Lines; all units are mm
J2,CUT,316.85,449.35,365.85,449.35,#ED1C24,"=""<line id=""&CHAR(34)&A24&CHAR(34)&"" x1=""&CHAR(34)&TEXT(C24,""0.00"")&""mm""&CHAR(34)&"" y1=""&CHAR(34)&TEXT(D24,""0.00"")&""mm""&CHAR(34)&"" x2=""&CHAR(34)&TEXT(E24,""0.00"")&""mm""&CHAR(34)&"" y2=""&CHAR(34)&TEXT(F24,""0.00"")&""mm""&CHAR(34)&"" stroke=""&CHAR(34)&G24&CHAR(34)&"" fill=""&CHAR(34)&""none""&CHAR(34)&"" />""",Use dynamic values from Dynamic_Lines; all units are mm
J1,CUT,315.85,450.35,316.85,449.35,#ED1C24,"=""<line id=""&CHAR(34)&A25&CHAR(34)&"" x1=""&CHAR(34)&TEXT(C25,""0.00"")&""mm""&CHAR(34)&"" y1=""&CHAR(34)&TEXT(D25,""0.00"")&""mm""&CHAR(34)&"" x2=""&CHAR(34)&TEXT(E25,""0.00"")&""mm""&CHAR(34)&"" y2=""&CHAR(34)&TEXT(F25,""0.00"")&""mm""&CHAR(34)&"" stroke=""&CHAR(34)&G25&CHAR(34)&"" fill=""&CHAR(34)&""none""&CHAR(34)&"" />""",Use dynamic values from Dynamic_Lines; all units are mm
I4,CUT,381.35,264.97,365.85,261.35,#ED1C24,"=""<line id=""&CHAR(34)&A26&CHAR(34)&"" x1=""&CHAR(34)&TEXT(C26,""0.00"")&""mm""&CHAR(34)&"" y1=""&CHAR(34)&TEXT(D26,""0.00"")&""mm""&CHAR(34)&"" x2=""&CHAR(34)&TEXT(E26,""0.00"")&""mm""&CHAR(34)&"" y2=""&CHAR(34)&TEXT(F26,""0.00"")&""mm""&CHAR(34)&"" stroke=""&CHAR(34)&G26&CHAR(34)&"" fill=""&CHAR(34)&""none""&CHAR(34)&"" />""",Use dynamic values from Dynamic_Lines; all units are mm
I3,CUT,381.35,445.73,381.35,264.97,#ED1C24,"=""<line id=""&CHAR(34)&A27&CHAR(34)&"" x1=""&CHAR(34)&TEXT(C27,""0.00"")&""mm""&CHAR(34)&"" y1=""&CHAR(34)&TEXT(D27,""0.00"")&""mm""&CHAR(34)&"" x2=""&CHAR(34)&TEXT(E27,""0.00"")&""mm""&CHAR(34)&"" y2=""&CHAR(34)&TEXT(F27,""0.00"")&""mm""&CHAR(34)&"" stroke=""&CHAR(34)&G27&CHAR(34)&"" fill=""&CHAR(34)&""none""&CHAR(34)&"" />""",Use dynamic values from Dynamic_Lines; all units are mm
I2,CUT,371.85,449.35,381.35,445.73,#ED1C24,"=""<line id=""&CHAR(34)&A28&CHAR(34)&"" x1=""&CHAR(34)&TEXT(C28,""0.00"")&""mm""&CHAR(34)&"" y1=""&CHAR(34)&TEXT(D28,""0.00"")&""mm""&CHAR(34)&"" x2=""&CHAR(34)&TEXT(E28,""0.00"")&""mm""&CHAR(34)&"" y2=""&CHAR(34)&TEXT(F28,""0.00"")&""mm""&CHAR(34)&"" stroke=""&CHAR(34)&G28&CHAR(34)&"" fill=""&CHAR(34)&""none""&CHAR(34)&"" />""",Use dynamic values from Dynamic_Lines; all units are mm
I1,CUT,365.85,449.35,371.85,449.35,#ED1C24,"=""<line id=""&CHAR(34)&A29&CHAR(34)&"" x1=""&CHAR(34)&TEXT(C29,""0.00"")&""mm""&CHAR(34)&"" y1=""&CHAR(34)&TEXT(D29,""0.00"")&""mm""&CHAR(34)&"" x2=""&CHAR(34)&TEXT(E29,""0.00"")&""mm""&CHAR(34)&"" y2=""&CHAR(34)&TEXT(F29,""0.00"")&""mm""&CHAR(34)&"" stroke=""&CHAR(34)&G29&CHAR(34)&"" fill=""&CHAR(34)&""none""&CHAR(34)&"" />""",Use dynamic values from Dynamic_Lines; all units are mm
H4,CUT,65.85,260.35,64.85,261.35,#ED1C24,"=""<line id=""&CHAR(34)&A30&CHAR(34)&"" x1=""&CHAR(34)&TEXT(C30,""0.00"")&""mm""&CHAR(34)&"" y1=""&CHAR(34)&TEXT(D30,""0.00"")&""mm""&CHAR(34)&"" x2=""&CHAR(34)&TEXT(E30,""0.00"")&""mm""&CHAR(34)&"" y2=""&CHAR(34)&TEXT(F30,""0.00"")&""mm""&CHAR(34)&"" stroke=""&CHAR(34)&G30&CHAR(34)&"" fill=""&CHAR(34)&""none""&CHAR(34)&"" />""",Use dynamic values from Dynamic_Lines; all units are mm
H3,CUT,64.85,261.35,15.85,261.35,#ED1C24,"=""<line id=""&CHAR(34)&A31&CHAR(34)&"" x1=""&CHAR(34)&TEXT(C31,""0.00"")&""mm""&CHAR(34)&"" y1=""&CHAR(34)&TEXT(D31,""0.00"")&""mm""&CHAR(34)&"" x2=""&CHAR(34)&TEXT(E31,""0.00"")&""mm""&CHAR(34)&"" y2=""&CHAR(34)&TEXT(F31,""0.00"")&""mm""&CHAR(34)&"" stroke=""&CHAR(34)&G31&CHAR(34)&"" fill=""&CHAR(34)&""none""&CHAR(34)&"" />""",Use dynamic values from Dynamic_Lines; all units are mm
H2,CUT,64.85,449.35,15.85,449.35,#ED1C24,"=""<line id=""&CHAR(34)&A32&CHAR(34)&"" x1=""&CHAR(34)&TEXT(C32,""0.00"")&""mm""&CHAR(34)&"" y1=""&CHAR(34)&TEXT(D32,""0.00"")&""mm""&CHAR(34)&"" x2=""&CHAR(34)&TEXT(E32,""0.00"")&""mm""&CHAR(34)&"" y2=""&CHAR(34)&TEXT(F32,""0.00"")&""mm""&CHAR(34)&"" stroke=""&CHAR(34)&G32&CHAR(34)&"" fill=""&CHAR(34)&""none""&CHAR(34)&"" />""",Use dynamic values from Dynamic_Lines; all units are mm
H1,CUT,65.85,450.35,64.85,449.35,#ED1C24,"=""<line id=""&CHAR(34)&A33&CHAR(34)&"" x1=""&CHAR(34)&TEXT(C33,""0.00"")&""mm""&CHAR(34)&"" y1=""&CHAR(34)&TEXT(D33,""0.00"")&""mm""&CHAR(34)&"" x2=""&CHAR(34)&TEXT(E33,""0.00"")&""mm""&CHAR(34)&"" y2=""&CHAR(34)&TEXT(F33,""0.00"")&""mm""&CHAR(34)&"" stroke=""&CHAR(34)&G33&CHAR(34)&"" fill=""&CHAR(34)&""none""&CHAR(34)&"" />""",Use dynamic values from Dynamic_Lines; all units are mm
G4,CUT,0.35,264.97,15.85,261.35,#ED1C24,"=""<line id=""&CHAR(34)&A34&CHAR(34)&"" x1=""&CHAR(34)&TEXT(C34,""0.00"")&""mm""&CHAR(34)&"" y1=""&CHAR(34)&TEXT(D34,""0.00"")&""mm""&CHAR(34)&"" x2=""&CHAR(34)&TEXT(E34,""0.00"")&""mm""&CHAR(34)&"" y2=""&CHAR(34)&TEXT(F34,""0.00"")&""mm""&CHAR(34)&"" stroke=""&CHAR(34)&G34&CHAR(34)&"" fill=""&CHAR(34)&""none""&CHAR(34)&"" />""",Use dynamic values from Dynamic_Lines; all units are mm
G3,CUT,0.35,445.73,0.35,264.97,#ED1C24,"=""<line id=""&CHAR(34)&A35&CHAR(34)&"" x1=""&CHAR(34)&TEXT(C35,""0.00"")&""mm""&CHAR(34)&"" y1=""&CHAR(34)&TEXT(D35,""0.00"")&""mm""&CHAR(34)&"" x2=""&CHAR(34)&TEXT(E35,""0.00"")&""mm""&CHAR(34)&"" y2=""&CHAR(34)&TEXT(F35,""0.00"")&""mm""&CHAR(34)&"" stroke=""&CHAR(34)&G35&CHAR(34)&"" fill=""&CHAR(34)&""none""&CHAR(34)&"" />""",Use dynamic values from Dynamic_Lines; all units are mm
G2,CUT,9.85,449.35,0.35,445.73,#ED1C24,"=""<line id=""&CHAR(34)&A36&CHAR(34)&"" x1=""&CHAR(34)&TEXT(C36,""0.00"")&""mm""&CHAR(34)&"" y1=""&CHAR(34)&TEXT(D36,""0.00"")&""mm""&CHAR(34)&"" x2=""&CHAR(34)&TEXT(E36,""0.00"")&""mm""&CHAR(34)&"" y2=""&CHAR(34)&TEXT(F36,""0.00"")&""mm""&CHAR(34)&"" stroke=""&CHAR(34)&G36&CHAR(34)&"" fill=""&CHAR(34)&""none""&CHAR(34)&"" />""",Use dynamic values from Dynamic_Lines; all units are mm
G1,CUT,15.85,449.35,9.85,449.35,#ED1C24,"=""<line id=""&CHAR(34)&A37&CHAR(34)&"" x1=""&CHAR(34)&TEXT(C37,""0.00"")&""mm""&CHAR(34)&"" y1=""&CHAR(34)&TEXT(D37,""0.00"")&""mm""&CHAR(34)&"" x2=""&CHAR(34)&TEXT(E37,""0.00"")&""mm""&CHAR(34)&"" y2=""&CHAR(34)&TEXT(F37,""0.00"")&""mm""&CHAR(34)&"" stroke=""&CHAR(34)&G37&CHAR(34)&"" fill=""&CHAR(34)&""none""&CHAR(34)&"" />""",Use dynamic values from Dynamic_Lines; all units are mm
F1,CUT,315.85,450.35,318.85,453.35,#ED1C24,"=""<line id=""&CHAR(34)&A38&CHAR(34)&"" x1=""&CHAR(34)&TEXT(C38,""0.00"")&""mm""&CHAR(34)&"" y1=""&CHAR(34)&TEXT(D38,""0.00"")&""mm""&CHAR(34)&"" x2=""&CHAR(34)&TEXT(E38,""0.00"")&""mm""&CHAR(34)&"" y2=""&CHAR(34)&TEXT(F38,""0.00"")&""mm""&CHAR(34)&"" stroke=""&CHAR(34)&G38&CHAR(34)&"" fill=""&CHAR(34)&""none""&CHAR(34)&"" />""",Use dynamic values from Dynamic_Lines; all units are mm
F2,CUT,318.85,453.35,365.85,463.35,#ED1C24,"=""<line id=""&CHAR(34)&A39&CHAR(34)&"" x1=""&CHAR(34)&TEXT(C39,""0.00"")&""mm""&CHAR(34)&"" y1=""&CHAR(34)&TEXT(D39,""0.00"")&""mm""&CHAR(34)&"" x2=""&CHAR(34)&TEXT(E39,""0.00"")&""mm""&CHAR(34)&"" y2=""&CHAR(34)&TEXT(F39,""0.00"")&""mm""&CHAR(34)&"" stroke=""&CHAR(34)&G39&CHAR(34)&"" fill=""&CHAR(34)&""none""&CHAR(34)&"" />""",Use dynamic values from Dynamic_Lines; all units are mm
F3,CUT,365.85,497.35,365.85,463.35,#ED1C24,"=""<line id=""&CHAR(34)&A40&CHAR(34)&"" x1=""&CHAR(34)&TEXT(C40,""0.00"")&""mm""&CHAR(34)&"" y1=""&CHAR(34)&TEXT(D40,""0.00"")&""mm""&CHAR(34)&"" x2=""&CHAR(34)&TEXT(E40,""0.00"")&""mm""&CHAR(34)&"" y2=""&CHAR(34)&TEXT(F40,""0.00"")&""mm""&CHAR(34)&"" stroke=""&CHAR(34)&G40&CHAR(34)&"" fill=""&CHAR(34)&""none""&CHAR(34)&"" />""",Use dynamic values from Dynamic_Lines; all units are mm
F4,CUT,318.85,497.35,365.85,497.35,#ED1C24,"=""<line id=""&CHAR(34)&A41&CHAR(34)&"" x1=""&CHAR(34)&TEXT(C41,""0.00"")&""mm""&CHAR(34)&"" y1=""&CHAR(34)&TEXT(D41,""0.00"")&""mm""&CHAR(34)&"" x2=""&CHAR(34)&TEXT(E41,""0.00"")&""mm""&CHAR(34)&"" y2=""&CHAR(34)&TEXT(F41,""0.00"")&""mm""&CHAR(34)&"" stroke=""&CHAR(34)&G41&CHAR(34)&"" fill=""&CHAR(34)&""none""&CHAR(34)&"" />""",Use dynamic values from Dynamic_Lines; all units are mm
F5,CUT,315.85,500.35,318.85,497.35,#ED1C24,"=""<line id=""&CHAR(34)&A42&CHAR(34)&"" x1=""&CHAR(34)&TEXT(C42,""0.00"")&""mm""&CHAR(34)&"" y1=""&CHAR(34)&TEXT(D42,""0.00"")&""mm""&CHAR(34)&"" x2=""&CHAR(34)&TEXT(E42,""0.00"")&""mm""&CHAR(34)&"" y2=""&CHAR(34)&TEXT(F42,""0.00"")&""mm""&CHAR(34)&"" stroke=""&CHAR(34)&G42&CHAR(34)&"" fill=""&CHAR(34)&""none""&CHAR(34)&"" />""",Use dynamic values from Dynamic_Lines; all units are mm
E1,CUT,65.85,500.35,62.85,497.35,#ED1C24,"=""<line id=""&CHAR(34)&A43&CHAR(34)&"" x1=""&CHAR(34)&TEXT(C43,""0.00"")&""mm""&CHAR(34)&"" y1=""&CHAR(34)&TEXT(D43,""0.00"")&""mm""&CHAR(34)&"" x2=""&CHAR(34)&TEXT(E43,""0.00"")&""mm""&CHAR(34)&"" y2=""&CHAR(34)&TEXT(F43,""0.00"")&""mm""&CHAR(34)&"" stroke=""&CHAR(34)&G43&CHAR(34)&"" fill=""&CHAR(34)&""none""&CHAR(34)&"" />""",Use dynamic values from Dynamic_Lines; all units are mm
E2,CUT,62.85,497.35,15.85,497.35,#ED1C24,"=""<line id=""&CHAR(34)&A44&CHAR(34)&"" x1=""&CHAR(34)&TEXT(C44,""0.00"")&""mm""&CHAR(34)&"" y1=""&CHAR(34)&TEXT(D44,""0.00"")&""mm""&CHAR(34)&"" x2=""&CHAR(34)&TEXT(E44,""0.00"")&""mm""&CHAR(34)&"" y2=""&CHAR(34)&TEXT(F44,""0.00"")&""mm""&CHAR(34)&"" stroke=""&CHAR(34)&G44&CHAR(34)&"" fill=""&CHAR(34)&""none""&CHAR(34)&"" />""",Use dynamic values from Dynamic_Lines; all units are mm
E3,CUT,15.85,497.35,15.85,463.35,#ED1C24,"=""<line id=""&CHAR(34)&A45&CHAR(34)&"" x1=""&CHAR(34)&TEXT(C45,""0.00"")&""mm""&CHAR(34)&"" y1=""&CHAR(34)&TEXT(D45,""0.00"")&""mm""&CHAR(34)&"" x2=""&CHAR(34)&TEXT(E45,""0.00"")&""mm""&CHAR(34)&"" y2=""&CHAR(34)&TEXT(F45,""0.00"")&""mm""&CHAR(34)&"" stroke=""&CHAR(34)&G45&CHAR(34)&"" fill=""&CHAR(34)&""none""&CHAR(34)&"" />""",Use dynamic values from Dynamic_Lines; all units are mm
E4,CUT,62.85,453.35,15.85,463.35,#ED1C24,"=""<line id=""&CHAR(34)&A46&CHAR(34)&"" x1=""&CHAR(34)&TEXT(C46,""0.00"")&""mm""&CHAR(34)&"" y1=""&CHAR(34)&TEXT(D46,""0.00"")&""mm""&CHAR(34)&"" x2=""&CHAR(34)&TEXT(E46,""0.00"")&""mm""&CHAR(34)&"" y2=""&CHAR(34)&TEXT(F46,""0.00"")&""mm""&CHAR(34)&"" stroke=""&CHAR(34)&G46&CHAR(34)&"" fill=""&CHAR(34)&""none""&CHAR(34)&"" />""",Use dynamic values from Dynamic_Lines; all units are mm
E5,CUT,65.85,450.35,62.85,453.35,#ED1C24,"=""<line id=""&CHAR(34)&A47&CHAR(34)&"" x1=""&CHAR(34)&TEXT(C47,""0.00"")&""mm""&CHAR(34)&"" y1=""&CHAR(34)&TEXT(D47,""0.00"")&""mm""&CHAR(34)&"" x2=""&CHAR(34)&TEXT(E47,""0.00"")&""mm""&CHAR(34)&"" y2=""&CHAR(34)&TEXT(F47,""0.00"")&""mm""&CHAR(34)&"" stroke=""&CHAR(34)&G47&CHAR(34)&"" fill=""&CHAR(34)&""none""&CHAR(34)&"" />""",Use dynamic values from Dynamic_Lines; all units are mm
M1,CUT,315.85,500.35,65.85,500.35,#ED1C24,"=""<line id=""&CHAR(34)&A48&CHAR(34)&"" x1=""&CHAR(34)&TEXT(C48,""0.00"")&""mm""&CHAR(34)&"" y1=""&CHAR(34)&TEXT(D48,""0.00"")&""mm""&CHAR(34)&"" x2=""&CHAR(34)&TEXT(E48,""0.00"")&""mm""&CHAR(34)&"" y2=""&CHAR(34)&TEXT(F48,""0.00"")&""mm""&CHAR(34)&"" stroke=""&CHAR(34)&G48&CHAR(34)&"" fill=""&CHAR(34)&""none""&CHAR(34)&"" />""",Use dynamic values from Dynamic_Lines; all units are mm
CREASE1,CREASE,315.85,260.35,65.85,260.35,#00A651,"=""<line id=""&CHAR(34)&A49&CHAR(34)&"" x1=""&CHAR(34)&TEXT(C49,""0.00"")&""mm""&CHAR(34)&"" y1=""&CHAR(34)&TEXT(D49,""0.00"")&""mm""&CHAR(34)&"" x2=""&CHAR(34)&TEXT(E49,""0.00"")&""mm""&CHAR(34)&"" y2=""&CHAR(34)&TEXT(F49,""0.00"")&""mm""&CHAR(34)&"" stroke=""&CHAR(34)&G49&CHAR(34)&"" fill=""&CHAR(34)&""none""&CHAR(34)&"" />""",Use dynamic values from Dynamic_Lines; all units are mm
CREASE2,CREASE,65.85,450.35,315.85,450.35,#00A651,"=""<line id=""&CHAR(34)&A50&CHAR(34)&"" x1=""&CHAR(34)&TEXT(C50,""0.00"")&""mm""&CHAR(34)&"" y1=""&CHAR(34)&TEXT(D50,""0.00"")&""mm""&CHAR(34)&"" x2=""&CHAR(34)&TEXT(E50,""0.00"")&""mm""&CHAR(34)&"" y2=""&CHAR(34)&TEXT(F50,""0.00"")&""mm""&CHAR(34)&"" stroke=""&CHAR(34)&G50&CHAR(34)&"" fill=""&CHAR(34)&""none""&CHAR(34)&"" />""",Use dynamic values from Dynamic_Lines; all units are mm
CREASE3,CREASE,65.85,210.35,315.85,210.35,#00A651,"=""<line id=""&CHAR(34)&A51&CHAR(34)&"" x1=""&CHAR(34)&TEXT(C51,""0.00"")&""mm""&CHAR(34)&"" y1=""&CHAR(34)&TEXT(D51,""0.00"")&""mm""&CHAR(34)&"" x2=""&CHAR(34)&TEXT(E51,""0.00"")&""mm""&CHAR(34)&"" y2=""&CHAR(34)&TEXT(F51,""0.00"")&""mm""&CHAR(34)&"" stroke=""&CHAR(34)&G51&CHAR(34)&"" fill=""&CHAR(34)&""none""&CHAR(34)&"" />""",Use dynamic values from Dynamic_Lines; all units are mm
CREASE4,CREASE,74.85,21.35,306.85,21.35,#00A651,"=""<line id=""&CHAR(34)&A52&CHAR(34)&"" x1=""&CHAR(34)&TEXT(C52,""0.00"")&""mm""&CHAR(34)&"" y1=""&CHAR(34)&TEXT(D52,""0.00"")&""mm""&CHAR(34)&"" x2=""&CHAR(34)&TEXT(E52,""0.00"")&""mm""&CHAR(34)&"" y2=""&CHAR(34)&TEXT(F52,""0.00"")&""mm""&CHAR(34)&"" stroke=""&CHAR(34)&G52&CHAR(34)&"" fill=""&CHAR(34)&""none""&CHAR(34)&"" />""",Use dynamic values from Dynamic_Lines; all units are mm
CREASE5,CREASE,316.85,261.35,381.35,325.85,#00A651,"=""<line id=""&CHAR(34)&A53&CHAR(34)&"" x1=""&CHAR(34)&TEXT(C53,""0.00"")&""mm""&CHAR(34)&"" y1=""&CHAR(34)&TEXT(D53,""0.00"")&""mm""&CHAR(34)&"" x2=""&CHAR(34)&TEXT(E53,""0.00"")&""mm""&CHAR(34)&"" y2=""&CHAR(34)&TEXT(F53,""0.00"")&""mm""&CHAR(34)&"" stroke=""&CHAR(34)&G53&CHAR(34)&"" fill=""&CHAR(34)&""none""&CHAR(34)&"" />""",Use dynamic values from Dynamic_Lines; all units are mm
CREASE6,CREASE,365.85,261.35,365.85,449.35,#00A651,"=""<line id=""&CHAR(34)&A54&CHAR(34)&"" x1=""&CHAR(34)&TEXT(C54,""0.00"")&""mm""&CHAR(34)&"" y1=""&CHAR(34)&TEXT(D54,""0.00"")&""mm""&CHAR(34)&"" x2=""&CHAR(34)&TEXT(E54,""0.00"")&""mm""&CHAR(34)&"" y2=""&CHAR(34)&TEXT(F54,""0.00"")&""mm""&CHAR(34)&"" stroke=""&CHAR(34)&G54&CHAR(34)&"" fill=""&CHAR(34)&""none""&CHAR(34)&"" />""",Use dynamic values from Dynamic_Lines; all units are mm
CREASE7,CREASE,316.85,449.35,381.35,384.85,#00A651,"=""<line id=""&CHAR(34)&A55&CHAR(34)&"" x1=""&CHAR(34)&TEXT(C55,""0.00"")&""mm""&CHAR(34)&"" y1=""&CHAR(34)&TEXT(D55,""0.00"")&""mm""&CHAR(34)&"" x2=""&CHAR(34)&TEXT(E55,""0.00"")&""mm""&CHAR(34)&"" y2=""&CHAR(34)&TEXT(F55,""0.00"")&""mm""&CHAR(34)&"" stroke=""&CHAR(34)&G55&CHAR(34)&"" fill=""&CHAR(34)&""none""&CHAR(34)&"" />""",Use dynamic values from Dynamic_Lines; all units are mm
CREASE8,CREASE,64.85,261.35,0.35,325.85,#00A651,"=""<line id=""&CHAR(34)&A56&CHAR(34)&"" x1=""&CHAR(34)&TEXT(C56,""0.00"")&""mm""&CHAR(34)&"" y1=""&CHAR(34)&TEXT(D56,""0.00"")&""mm""&CHAR(34)&"" x2=""&CHAR(34)&TEXT(E56,""0.00"")&""mm""&CHAR(34)&"" y2=""&CHAR(34)&TEXT(F56,""0.00"")&""mm""&CHAR(34)&"" stroke=""&CHAR(34)&G56&CHAR(34)&"" fill=""&CHAR(34)&""none""&CHAR(34)&"" />""",Use dynamic values from Dynamic_Lines; all units are mm
CREASE9,CREASE,15.85,261.35,15.85,449.35,#00A651,"=""<line id=""&CHAR(34)&A57&CHAR(34)&"" x1=""&CHAR(34)&TEXT(C57,""0.00"")&""mm""&CHAR(34)&"" y1=""&CHAR(34)&TEXT(D57,""0.00"")&""mm""&CHAR(34)&"" x2=""&CHAR(34)&TEXT(E57,""0.00"")&""mm""&CHAR(34)&"" y2=""&CHAR(34)&TEXT(F57,""0.00"")&""mm""&CHAR(34)&"" stroke=""&CHAR(34)&G57&CHAR(34)&"" fill=""&CHAR(34)&""none""&CHAR(34)&"" />""",Use dynamic values from Dynamic_Lines; all units are mm
CREASE10,CREASE,64.85,449.35,0.35,384.85,#00A651,"=""<line id=""&CHAR(34)&A58&CHAR(34)&"" x1=""&CHAR(34)&TEXT(C58,""0.00"")&""mm""&CHAR(34)&"" y1=""&CHAR(34)&TEXT(D58,""0.00"")&""mm""&CHAR(34)&"" x2=""&CHAR(34)&TEXT(E58,""0.00"")&""mm""&CHAR(34)&"" y2=""&CHAR(34)&TEXT(F58,""0.00"")&""mm""&CHAR(34)&"" stroke=""&CHAR(34)&G58&CHAR(34)&"" fill=""&CHAR(34)&""none""&CHAR(34)&"" />""",Use dynamic values from Dynamic_Lines; all units are mm
CREASE11,CREASE,315.85,260.35,315.85,210.35,#00A651,"=""<line id=""&CHAR(34)&A59&CHAR(34)&"" x1=""&CHAR(34)&TEXT(C59,""0.00"")&""mm""&CHAR(34)&"" y1=""&CHAR(34)&TEXT(D59,""0.00"")&""mm""&CHAR(34)&"" x2=""&CHAR(34)&TEXT(E59,""0.00"")&""mm""&CHAR(34)&"" y2=""&CHAR(34)&TEXT(F59,""0.00"")&""mm""&CHAR(34)&"" stroke=""&CHAR(34)&G59&CHAR(34)&"" fill=""&CHAR(34)&""none""&CHAR(34)&"" />""",Use dynamic values from Dynamic_Lines; all units are mm
CREASE12,CREASE,315.85,500.35,315.85,450.35,#00A651,"=""<line id=""&CHAR(34)&A60&CHAR(34)&"" x1=""&CHAR(34)&TEXT(C60,""0.00"")&""mm""&CHAR(34)&"" y1=""&CHAR(34)&TEXT(D60,""0.00"")&""mm""&CHAR(34)&"" x2=""&CHAR(34)&TEXT(E60,""0.00"")&""mm""&CHAR(34)&"" y2=""&CHAR(34)&TEXT(F60,""0.00"")&""mm""&CHAR(34)&"" stroke=""&CHAR(34)&G60&CHAR(34)&"" fill=""&CHAR(34)&""none""&CHAR(34)&"" />""",Use dynamic values from Dynamic_Lines; all units are mm
CREASE13,CREASE,315.85,450.35,315.85,260.35,#00A651,"=""<line id=""&CHAR(34)&A61&CHAR(34)&"" x1=""&CHAR(34)&TEXT(C61,""0.00"")&""mm""&CHAR(34)&"" y1=""&CHAR(34)&TEXT(D61,""0.00"")&""mm""&CHAR(34)&"" x2=""&CHAR(34)&TEXT(E61,""0.00"")&""mm""&CHAR(34)&"" y2=""&CHAR(34)&TEXT(F61,""0.00"")&""mm""&CHAR(34)&"" stroke=""&CHAR(34)&G61&CHAR(34)&"" fill=""&CHAR(34)&""none""&CHAR(34)&"" />""",Use dynamic values from Dynamic_Lines; all units are mm
CREASE14,CREASE,65.85,260.35,65.85,210.35,#00A651,"=""<line id=""&CHAR(34)&A62&CHAR(34)&"" x1=""&CHAR(34)&TEXT(C62,""0.00"")&""mm""&CHAR(34)&"" y1=""&CHAR(34)&TEXT(D62,""0.00"")&""mm""&CHAR(34)&"" x2=""&CHAR(34)&TEXT(E62,""0.00"")&""mm""&CHAR(34)&"" y2=""&CHAR(34)&TEXT(F62,""0.00"")&""mm""&CHAR(34)&"" stroke=""&CHAR(34)&G62&CHAR(34)&"" fill=""&CHAR(34)&""none""&CHAR(34)&"" />""",Use dynamic values from Dynamic_Lines; all units are mm
CREASE15,CREASE,65.85,500.35,65.85,450.35,#00A651,"=""<line id=""&CHAR(34)&A63&CHAR(34)&"" x1=""&CHAR(34)&TEXT(C63,""0.00"")&""mm""&CHAR(34)&"" y1=""&CHAR(34)&TEXT(D63,""0.00"")&""mm""&CHAR(34)&"" x2=""&CHAR(34)&TEXT(E63,""0.00"")&""mm""&CHAR(34)&"" y2=""&CHAR(34)&TEXT(F63,""0.00"")&""mm""&CHAR(34)&"" stroke=""&CHAR(34)&G63&CHAR(34)&"" fill=""&CHAR(34)&""none""&CHAR(34)&"" />""",Use dynamic values from Dynamic_Lines; all units are mm
CREASE16,CREASE,65.85,450.35,65.85,260.35,#00A651,"=""<line id=""&CHAR(34)&A64&CHAR(34)&"" x1=""&CHAR(34)&TEXT(C64,""0.00"")&""mm""&CHAR(34)&"" y1=""&CHAR(34)&TEXT(D64,""0.00"")&""mm""&CHAR(34)&"" x2=""&CHAR(34)&TEXT(E64,""0.00"")&""mm""&CHAR(34)&"" y2=""&CHAR(34)&TEXT(F64,""0.00"")&""mm""&CHAR(34)&"" stroke=""&CHAR(34)&G64&CHAR(34)&"" fill=""&CHAR(34)&""none""&CHAR(34)&"" />""",Use dynamic values from Dynamic_Lines; all units are mm
,,,,,,,,
,,,,,,,,
,,,,,,,,
,,,,,,,,
,,,,,,,,
,,,,,,,,
,,,,,,,,
,,,,,,,,
,,,,,,,,
,,,,,,,,
,,,,,,,,
,,,,,,,,
,,,,,,,,
,,,,,,,,
,,,,,,,,
,,,,,,,,
,,,,,,,,
,,,,,,,,
,,,,,,,,
,,,,,,,,
,,,,,,,,
,,,,,,,,
,,,,,,,,
,,,,,,,,
,,,,,,,,
,,,,,,,,
,,,,,,,,
,,,,,,,,
,,,,,,,,
,,,,,,,,
,,,,,,,,
,,,,,,,,
,,,,,,,,
,,,,,,,,
,,,,,,,,
,,,,,,,,